{
    "rmse": 0.42702626246235276,
    "mae": 0.36797913451405223,
    "r2": 0.19165427218810482
}